date,temperature,temp_max,temp_min,rainfall,humidity,wind_speed,solar_radiation,temperature_was_missing,temperature_was_invalid,temp_max_was_missing,temp_max_was_invalid,temp_min_was_missing,temp_min_was_invalid,rainfall_was_missing,rainfall_was_invalid,humidity_was_missing,humidity_was_invalid,wind_speed_was_missing,wind_speed_was_invalid,solar_radiation_was_missing,solar_radiation_was_invalid
2025-01-01,16.62,23.42,11.14,0.0,84.31,1.8,7.89,False,False,False,False,False,False,False,False,False,False,False,False,False,False
2025-01-02,16.92,23.53,11.33,0.0,82.37,1.47,4.98,False,False,False,False,False,False,False,False,False,False,False,False,False,False
2025-01-03,17.27,23.36,11.66,0.0,80.8,1.16,5.38,False,False,False,False,False,False,False,False,False,False,False,False,False,False
2025-01-04,18.3,24.37,12.59,0.0,81.64,1.11,11.33,False,False,False,False,False,False,False,False,False,False,False,False,False,False
2025-01-05,19.84,25.73,15.53,0.0,80.11,0.97,13.8,False,False,False,False,False,False,False,False,False,False,False,False,False,False
2025-01-06,20.98,26.39,15.1,0.0,72.34,0.84,14.3,False,False,False,False,False,False,False,False,False,False,False,False,False,False
2025-01-07,20.06,25.31,15.46,0.0,78.98,1.43,11.33,False,False,False,False,False,False,False,False,False,False,False,False,False,False
2025-01-08,17.76,23.33,12.77,0.0,78.19,1.8,5.48,False,False,False,False,False,False,False,False,False,False,False,False,False,False
2025-01-09,15.59,22.7,9.68,0.0,72.6,1.31,12.59,False,False,False,False,False,False,False,False,False,False,False,False,False,False
2025-01-10,15.89,22.82,10.01,0.0,72.75,1.07,13.75,False,False,False,False,False,False,False,False,False,False,False,False,False,False
2025-01-11,17.86,24.84,11.23,0.0,66.71,1.1,15.21,False,False,False,False,False,False,False,False,False,False,False,False,False,False
2025-01-12,19.74,25.97,12.65,0.0,59.13,0.95,15.81,False,False,False,False,False,False,False,False,False,False,False,False,False,False
2025-01-13,19.41,25.31,15.18,0.0,62.78,0.93,13.1,False,False,False,False,False,False,False,False,False,False,False,False,False,False
2025-01-14,17.91,25.15,12.33,0.0,71.8,1.81,12.62,False,False,False,False,False,False,False,False,False,False,False,False,False,False
2025-01-15,17.69,24.7,11.5,0.0,72.49,1.22,13.76,False,False,False,False,False,False,False,False,False,False,False,False,False,False
2025-01-16,19.36,25.77,13.62,0.0,64.96,0.75,14.99,False,False,False,False,False,False,False,False,False,False,False,False,False,False
2025-01-17,18.8,25.94,12.87,0.0,70.33,1.24,14.64,False,False,False,False,False,False,False,False,False,False,False,False,False,False
2025-01-18,18.28,25.66,12.61,0.0,74.11,1.88,13.88,False,False,False,False,False,False,False,False,False,False,False,False,False,False
2025-01-19,17.26,24.73,11.21,0.0,72.11,1.94,15.54,False,False,False,False,False,False,False,False,False,False,False,False,False,False
2025-01-20,17.07,24.1,10.79,0.0,71.56,1.37,14.03,False,False,False,False,False,False,False,False,False,False,False,False,False,False
2025-01-21,17.59,23.98,11.85,0.0,69.81,1.09,12.27,False,False,False,False,False,False,False,False,False,False,False,False,False,False
2025-01-22,18.17,24.37,13.27,0.0,72.42,1.02,10.56,False,False,False,False,False,False,False,False,False,False,False,False,False,False
2025-01-23,17.9,24.82,12.86,0.0,72.79,1.25,7.71,False,False,False,False,False,False,False,False,False,False,False,False,False,False
2025-01-24,17.94,24.67,12.35,0.0,67.13,1.12,10.08,False,False,False,False,False,False,False,False,False,False,False,False,False,False
2025-01-25,17.92,24.17,13.13,0.0,68.84,1.32,11.32,False,False,False,False,False,False,False,False,False,False,False,False,False,False
2025-01-26,17.0,24.19,11.48,0.0,67.16,1.44,13.58,False,False,False,False,False,False,False,False,False,False,False,False,False,False
2025-01-27,17.83,24.84,12.22,0.0,72.38,1.12,12.5,False,False,False,False,False,False,False,False,False,False,False,False,False,False
2025-01-28,18.39,24.93,12.5,0.0,69.58,1.07,11.13,False,False,False,False,False,False,False,False,False,False,False,False,False,False
2025-01-29,18.56,25.27,12.92,0.0,59.05,1.16,10.86,False,False,False,False,False,False,False,False,False,False,False,False,False,False
2025-01-30,19.41,25.88,12.95,3.87,69.04,1.7,7.78,False,False,False,False,False,False,False,False,False,False,False,False,False,False
2025-01-31,21.73,27.94,16.51,0.31,80.85,1.88,7.45,False,False,False,False,False,False,False,False,False,False,False,False,False,False
2025-02-01,21.18,27.7,16.71,0.08,71.95,1.13,8.94,False,False,False,False,False,False,False,False,False,False,False,False,False,False
2025-02-02,19.72,27.02,14.22,0.0,70.24,1.48,8.58,False,False,False,False,False,False,False,False,False,False,False,False,False,False
2025-02-03,19.95,27.5,13.94,0.0,65.83,1.47,13.09,False,False,False,False,False,False,False,False,False,False,False,False,False,False
2025-02-04,19.47,26.93,13.6,0.0,62.75,1.46,14.22,False,False,False,False,False,False,False,False,False,False,False,False,False,False
2025-02-05,20.58,27.52,14.67,0.0,59.75,1.19,13.17,False,False,False,False,False,False,False,False,False,False,False,False,False,False
2025-02-06,21.3,28.88,15.05,0.0,67.61,1.54,14.39,False,False,False,False,False,False,False,False,False,False,False,False,False,False
2025-02-07,20.06,27.94,13.28,0.0,52.08,1.28,19.69,False,False,False,False,False,False,False,False,False,False,False,False,False,False
2025-02-08,18.48,26.62,11.63,0.0,46.05,1.38,19.01,False,False,False,False,False,False,False,False,False,False,False,False,False,False
2025-02-09,18.09,26.25,11.18,0.0,51.34,1.39,16.77,False,False,False,False,False,False,False,False,False,False,False,False,False,False
2025-02-10,20.0,27.06,13.63,0.0,48.13,1.12,15.78,False,False,False,False,False,False,False,False,False,False,False,False,False,False
2025-02-11,20.42,28.48,12.76,0.0,66.75,1.5,13.62,False,False,False,False,False,False,False,False,False,False,False,False,False,False
2025-02-12,22.25,30.17,15.53,0.0,68.72,1.66,12.73,False,False,False,False,False,False,False,False,False,False,False,False,False,False
2025-02-13,23.11,30.38,16.96,0.05,70.64,1.69,13.03,False,False,False,False,False,False,False,False,False,False,False,False,False,False
2025-02-14,20.81,28.27,13.33,0.06,48.85,1.51,19.17,False,False,False,False,False,False,False,False,False,False,False,False,False,False
2025-02-15,19.82,28.15,12.03,0.0,44.37,1.51,19.07,False,False,False,False,False,False,False,False,False,False,False,False,False,False
2025-02-16,21.27,29.01,13.64,0.0,43.08,1.31,18.03,False,False,False,False,False,False,False,False,False,False,False,False,False,False
2025-02-17,22.52,30.25,14.92,0.0,57.52,1.08,14.98,False,False,False,False,False,False,False,False,False,False,False,False,False,False
2025-02-18,24.21,31.41,18.84,0.0,59.59,1.04,13.78,False,False,False,False,False,False,False,False,False,False,False,False,False,False
2025-02-19,23.92,30.73,17.46,0.0,55.54,1.08,13.88,False,False,False,False,False,False,False,False,False,False,False,False,False,False
2025-02-20,24.03,31.39,17.77,0.02,55.0,1.15,13.56,False,False,False,False,False,False,False,False,False,False,False,False,False,False
2025-02-21,23.97,30.92,17.39,0.0,54.51,1.22,15.88,False,False,False,False,False,False,False,False,False,False,False,False,False,False
2025-02-22,25.09,31.93,18.77,0.01,52.61,1.13,15.24,False,False,False,False,False,False,False,False,False,False,False,False,False,False
2025-02-23,23.51,29.25,18.39,4.39,62.28,1.2,10.42,False,False,False,False,False,False,False,False,False,False,False,False,False,False
2025-02-24,23.25,30.95,17.07,0.0,59.84,1.6,17.63,False,False,False,False,False,False,False,False,False,False,False,False,False,False
2025-02-25,22.97,31.13,16.79,0.0,49.52,1.68,18.19,False,False,False,False,False,False,False,False,False,False,False,False,False,False
2025-02-26,22.33,30.64,15.29,0.0,50.68,1.83,19.76,False,False,False,False,False,False,False,False,False,False,False,False,False,False
2025-02-27,22.85,30.85,16.64,0.0,53.55,1.86,18.71,False,False,False,False,False,False,False,False,False,False,False,False,False,False
2025-02-28,24.06,31.4,17.9,0.0,50.2,1.17,14.09,False,False,False,False,False,False,False,False,False,False,False,False,False,False
2025-03-01,25.16,32.52,18.08,0.0,50.65,1.57,15.55,False,False,False,False,False,False,False,False,False,False,False,False,False,False
2025-03-02,26.57,34.8,19.24,0.0,59.45,2.04,17.11,False,False,False,False,False,False,False,False,False,False,False,False,False,False
2025-03-03,26.28,33.92,20.53,0.0,59.16,1.62,17.37,False,False,False,False,False,False,False,False,False,False,False,False,False,False
2025-03-04,25.18,32.49,18.57,0.0,40.53,1.62,21.72,False,False,False,False,False,False,False,False,False,False,False,False,False,False
2025-03-05,24.05,32.78,16.74,0.0,45.5,2.16,21.68,False,False,False,False,False,False,False,False,False,False,False,False,False,False
2025-03-06,23.53,31.9,17.16,0.0,36.36,1.33,22.13,False,False,False,False,False,False,False,False,False,False,False,False,False,False
2025-03-07,22.27,30.81,14.74,0.0,39.17,1.98,22.41,False,False,False,False,False,False,False,False,False,False,False,False,False,False
2025-03-08,23.73,31.88,15.87,0.01,41.68,1.53,20.44,False,False,False,False,False,False,False,False,False,False,False,False,False,False
2025-03-09,24.48,32.35,18.28,0.2,57.52,1.05,18.72,False,False,False,False,False,False,False,False,False,False,False,False,False,False
2025-03-10,25.05,33.27,17.67,0.41,47.12,1.51,18.65,False,False,False,False,False,False,False,False,False,False,False,False,False,False
2025-03-11,26.81,34.34,20.72,0.0,45.67,1.31,16.69,False,False,False,False,False,False,False,False,False,False,False,False,False,False
2025-03-12,27.05,34.39,19.67,0.0,44.91,1.93,18.79,False,False,False,False,False,False,False,False,False,False,False,False,False,False
2025-03-13,27.89,36.26,20.59,0.09,61.16,2.15,20.17,False,False,False,False,False,False,False,False,False,False,False,False,False,False
2025-03-14,28.53,37.02,21.53,0.72,62.55,2.01,17.57,False,False,False,False,False,False,False,False,False,False,False,False,False,False
2025-03-15,28.93,36.63,22.28,0.4,65.51,1.83,19.22,False,False,False,False,False,False,False,False,False,False,False,False,False,False
2025-03-16,29.75,38.85,22.81,0.75,60.02,2.25,19.96,False,False,False,False,False,False,False,False,False,False,False,False,False,False
2025-03-17,29.71,38.03,22.74,0.65,57.34,2.53,14.04,False,False,False,False,False,False,False,False,False,False,False,False,False,False
2025-03-18,29.4,37.08,23.54,0.58,52.05,1.92,19.83,False,False,False,False,False,False,False,False,False,False,False,False,False,False
2025-03-19,29.01,36.74,22.26,0.1,50.99,1.43,21.88,False,False,False,False,False,False,False,False,False,False,False,False,False,False
2025-03-20,28.95,36.69,22.19,0.06,54.15,1.67,10.27,False,False,False,False,False,False,False,False,False,False,False,False,False,False
2025-03-21,25.29,29.27,21.3,0.29,58.38,2.13,11.89,False,False,False,False,False,False,False,False,False,False,False,False,False,False
2025-03-22,24.14,29.43,20.32,0.17,62.47,1.27,8.11,False,False,False,False,False,False,False,False,False,False,False,False,False,False
2025-03-23,25.54,32.87,18.78,0.15,54.0,1.68,18.39,False,False,False,False,False,False,False,False,False,False,False,False,False,False
2025-03-24,25.93,34.21,18.57,0.0,48.92,1.84,22.04,False,False,False,False,False,False,False,False,False,False,False,False,False,False
2025-03-25,26.55,35.05,18.51,0.0,43.83,1.64,22.55,False,False,False,False,False,False,False,False,False,False,False,False,False,False
2025-03-26,28.14,35.88,20.28,0.0,38.65,1.17,20.82,False,False,False,False,False,False,False,False,False,False,False,False,False,False
2025-03-27,29.01,36.34,21.16,0.0,47.11,1.3,18.98,False,False,False,False,False,False,False,False,False,False,False,False,False,False
2025-03-28,29.95,39.41,22.44,0.0,54.19,2.27,22.28,False,False,False,False,False,False,False,False,False,False,False,False,False,False
2025-03-29,30.3,39.66,22.76,0.0,54.59,2.6,23.06,False,False,False,False,False,False,False,False,False,False,False,False,False,False
2025-03-30,29.89,38.05,22.15,0.0,58.17,1.79,21.84,False,False,False,False,False,False,False,False,False,False,False,False,False,False
2025-03-31,30.07,37.33,23.17,0.12,54.69,1.82,20.05,False,False,False,False,False,False,False,False,False,False,False,False,False,False
2025-04-01,29.71,36.43,23.7,0.74,60.57,2.47,15.92,False,False,False,False,False,False,False,False,False,False,False,False,False,False
2025-04-02,29.9,37.48,23.12,0.76,53.7,1.31,17.25,False,False,False,False,False,False,False,False,False,False,False,False,False,False
2025-04-03,29.84,37.45,23.17,1.19,51.06,1.72,18.51,False,False,False,False,False,False,False,False,False,False,False,False,False,False
2025-04-04,30.87,38.62,23.65,0.0,42.08,1.67,15.0,False,False,False,False,False,False,False,False,False,False,False,False,False,False
2025-04-05,30.62,38.54,23.18,0.0,48.68,1.9,18.37,False,False,False,False,False,False,False,False,False,False,False,False,False,False
2025-04-06,31.1,38.72,24.05,0.49,53.7,2.24,19.91,False,False,False,False,False,False,False,False,False,False,False,False,False,False
2025-04-07,30.82,37.31,25.2,3.29,51.93,1.3,21.4,False,False,False,False,False,False,False,False,False,False,False,False,False,False
2025-04-08,28.32,32.79,23.79,5.23,66.13,1.38,19.88,False,False,False,False,False,False,False,False,False,False,False,False,False,False
2025-04-09,30.29,37.24,23.57,0.0,54.44,1.26,22.66,False,False,False,False,False,False,False,False,False,False,False,False,False,False
2025-04-10,30.28,36.3,24.01,0.01,50.42,1.18,21.56,False,False,False,False,False,False,False,False,False,False,False,False,False,False
2025-04-11,29.03,34.48,24.61,7.68,58.34,1.66,21.55,False,False,False,False,False,False,False,False,False,False,False,False,False,False
2025-04-12,29.59,35.4,24.88,1.15,59.46,1.26,19.36,False,False,False,False,False,False,False,False,False,False,False,False,False,False
2025-04-13,27.83,31.62,24.7,3.53,63.99,1.59,21.24,False,False,False,False,False,False,False,False,False,False,False,False,False,False
2025-04-14,27.47,30.57,24.27,2.41,65.63,0.97,19.56,False,False,False,False,False,False,False,False,False,False,False,False,False,False
2025-04-15,28.93,34.57,23.39,3.2,57.94,1.21,19.0,False,False,False,False,False,False,False,False,False,False,False,False,False,False
2025-04-16,28.91,34.88,23.8,8.42,61.49,1.25,16.52,False,False,False,False,False,False,False,False,False,False,False,False,False,False
2025-04-17,27.28,31.9,23.34,19.18,73.96,1.57,12.56,False,False,False,False,False,False,False,False,False,False,False,False,False,False
2025-04-18,27.64,32.53,23.21,11.01,73.5,1.52,15.26,False,False,False,False,False,False,False,False,False,False,False,False,False,False
2025-04-19,28.49,33.83,24.37,3.94,72.3,1.87,16.77,False,False,False,False,False,False,False,False,False,False,False,False,False,False
2025-04-20,29.21,35.02,23.82,8.8,73.21,2.03,17.69,False,False,False,False,False,False,False,False,False,False,False,False,False,False
2025-04-21,29.74,34.73,25.98,25.72,79.34,2.51,9.55,False,False,False,False,False,False,False,False,False,False,False,False,False,False
2025-04-22,30.24,36.55,25.98,16.46,76.59,3.42,16.26,False,False,False,False,False,False,False,False,False,False,False,False,False,False
2025-04-23,31.22,39.01,26.22,4.39,71.94,4.24,17.96,False,False,False,False,False,False,False,False,False,False,False,False,False,False
2025-04-24,31.24,38.8,26.5,4.89,72.04,4.24,20.2,False,False,False,False,False,False,False,False,False,False,False,False,False,False
2025-04-25,30.6,37.62,25.79,4.76,73.1,3.92,19.41,False,False,False,False,False,False,False,False,False,False,False,False,False,False
2025-04-26,30.79,37.76,26.0,0.3,71.07,3.82,22.23,False,False,False,False,False,False,False,False,False,False,False,False,False,False
2025-04-27,30.04,35.92,25.64,5.06,70.13,2.23,17.47,False,False,False,False,False,False,False,False,False,False,False,False,False,False
2025-04-28,28.68,33.2,25.01,6.24,73.11,1.3,11.97,False,False,False,False,False,False,False,False,False,False,False,False,False,False
2025-04-29,27.05,31.3,23.39,13.45,75.48,1.12,20.48,False,False,False,False,False,False,False,False,False,False,False,False,False,False
2025-04-30,27.81,31.83,23.33,8.66,70.18,0.95,15.04,False,False,False,False,False,False,False,False,False,False,False,False,False,False
2025-05-01,28.46,33.37,23.76,2.81,65.58,0.83,21.8,False,False,False,False,False,False,False,False,False,False,False,False,False,False
2025-05-02,28.09,32.71,23.34,7.39,67.44,0.95,22.19,False,False,False,False,False,False,False,False,False,False,False,False,False,False
2025-05-03,28.61,34.16,23.06,1.2,64.76,1.19,19.9,False,False,False,False,False,False,False,False,False,False,False,False,False,False
2025-05-04,28.77,33.65,24.35,2.86,72.06,1.65,15.94,False,False,False,False,False,False,False,False,False,False,False,False,False,False
2025-05-05,29.21,34.04,24.56,1.5,70.36,1.05,22.65,False,False,False,False,False,False,False,False,False,False,False,False,False,False
2025-05-06,29.81,34.74,25.0,2.59,67.66,1.03,17.65,False,False,False,False,False,False,False,False,False,False,False,False,False,False
2025-05-07,29.95,34.97,25.18,0.49,65.36,1.25,22.56,False,False,False,False,False,False,False,False,False,False,False,False,False,False
2025-05-08,31.61,37.92,25.29,2.88,63.75,1.97,20.53,False,False,False,False,False,False,False,False,False,False,False,False,False,False
2025-05-09,32.17,38.19,26.22,0.15,59.25,1.73,21.76,False,False,False,False,False,False,False,False,False,False,False,False,False,False
2025-05-10,33.07,40.14,26.6,0.13,57.52,2.0,20.52,False,False,False,False,False,False,False,False,False,False,False,False,False,False
2025-05-11,32.91,39.78,26.26,2.14,59.97,1.74,20.78,False,False,False,False,False,False,False,False,False,False,False,False,False,False
2025-05-12,30.44,35.03,27.04,18.02,70.83,2.27,14.29,False,False,False,False,False,False,False,False,False,False,False,False,False,False
2025-05-13,30.1,35.01,25.76,17.5,74.6,2.46,19.75,False,False,False,False,False,False,False,False,False,False,False,False,False,False
2025-05-14,31.23,37.61,26.43,4.8,71.79,2.91,18.53,False,False,False,False,False,False,False,False,False,False,False,False,False,False
2025-05-15,30.18,34.84,26.46,14.89,77.43,2.02,12.93,False,False,False,False,False,False,False,False,False,False,False,False,False,False
2025-05-16,30.49,36.38,26.05,14.9,76.06,2.35,19.34,False,False,False,False,False,False,False,False,False,False,False,False,False,False
2025-05-17,29.46,33.84,26.07,25.63,81.19,1.96,18.53,False,False,False,False,False,False,False,False,False,False,False,False,False,False
2025-05-18,28.95,33.46,25.44,15.51,80.25,1.97,15.82,False,False,False,False,False,False,False,False,False,False,False,False,False,False
2025-05-19,29.28,33.53,25.27,11.95,80.26,1.79,17.08,False,False,False,False,False,False,False,False,False,False,False,False,False,False
2025-05-20,29.27,33.75,25.98,28.3,84.63,2.71,13.87,False,False,False,False,False,False,False,False,False,False,False,False,False,False
2025-05-21,28.48,31.48,26.17,29.12,88.13,2.53,17.91,False,False,False,False,False,False,False,False,False,False,False,False,False,False
2025-05-22,28.82,32.34,25.84,25.24,81.14,1.22,14.04,False,False,False,False,False,False,False,False,False,False,False,False,False,False
2025-05-23,27.99,31.32,25.89,5.81,85.2,1.03,16.62,False,False,False,False,False,False,False,False,False,False,False,False,False,False
2025-05-24,28.65,32.49,25.88,6.33,83.65,1.66,17.83,False,False,False,False,False,False,False,False,False,False,False,False,False,False
2025-05-25,28.51,31.55,25.55,10.49,85.4,1.07,14.15,False,False,False,False,False,False,False,False,False,False,False,False,False,False
2025-05-26,28.29,31.04,26.06,17.98,87.49,1.2,15.15,False,False,False,False,False,False,False,False,False,False,False,False,False,False
2025-05-27,29.23,32.95,25.34,4.85,82.01,1.74,26.08,False,False,False,False,False,False,False,False,False,False,False,False,False,False
2025-05-28,27.86,29.58,26.62,15.33,91.09,2.88,18.68,False,False,False,False,False,False,False,False,False,False,False,False,False,False
2025-05-29,27.66,29.21,26.12,81.11,92.84,5.19,2.94,False,False,False,False,False,False,False,False,False,False,False,False,False,False
2025-05-30,28.1,30.23,27.07,58.23,91.26,5.04,7.08,False,False,False,False,False,False,False,False,False,False,False,False,False,False
2025-05-31,28.51,30.51,26.48,51.88,93.64,3.44,12.73,False,False,False,False,False,False,False,False,False,False,False,False,False,False
2025-06-01,28.84,31.52,26.92,40.46,90.49,2.96,7.91,False,False,False,False,False,False,False,False,False,False,False,False,False,False
2025-06-02,29.37,33.32,26.68,28.24,88.96,2.79,9.07,False,False,False,False,False,False,False,False,False,False,False,False,False,False
2025-06-03,28.52,32.09,25.93,24.83,89.31,2.86,16.16,False,False,False,False,False,False,False,False,False,False,False,False,False,False
2025-06-04,27.52,29.38,26.12,30.25,91.95,2.34,10.59,False,False,False,False,False,False,False,False,False,False,False,False,False,False
2025-06-05,28.53,31.66,25.34,23.09,84.68,1.4,13.87,False,False,False,False,False,False,False,False,False,False,False,False,False,False
2025-06-06,29.19,32.49,25.7,18.65,83.13,1.09,16.49,False,False,False,False,False,False,False,False,False,False,False,False,False,False
2025-06-07,29.87,33.08,26.44,13.97,77.74,0.57,18.82,False,False,False,False,False,False,False,False,False,False,False,False,False,False
2025-06-08,30.15,33.59,26.53,0.3,76.54,0.7,23.14,False,False,False,False,False,False,False,False,False,False,False,False,False,False
2025-06-09,30.42,33.73,26.74,4.02,77.31,0.95,20.67,False,False,False,False,False,False,False,False,False,False,False,False,False,False
2025-06-10,29.98,33.73,26.43,13.08,84.68,1.68,20.69,False,False,False,False,False,False,False,False,False,False,False,False,False,False
2025-06-11,29.12,32.41,26.4,12.2,85.59,1.62,22.86,False,False,False,False,False,False,False,False,False,False,False,False,False,False
2025-06-12,28.91,31.13,26.85,17.9,88.44,1.68,22.94,False,False,False,False,False,False,False,False,False,False,False,False,False,False
2025-06-13,29.76,32.98,26.73,3.12,85.18,1.44,22.22,False,False,False,False,False,False,False,False,False,False,False,False,False,False
2025-06-14,28.41,30.14,27.29,5.81,90.89,2.11,16.93,False,False,False,False,False,False,False,False,False,False,False,False,False,False
2025-06-15,28.43,30.69,26.83,3.85,90.58,1.56,13.82,False,False,False,False,False,False,False,False,False,False,False,False,False,False
2025-06-16,28.29,30.58,26.01,9.76,91.31,2.5,20.63,False,False,False,False,False,False,False,False,False,False,False,False,False,False
2025-06-17,28.04,30.02,26.55,23.4,90.78,3.62,12.42,False,False,False,False,False,False,False,False,False,False,False,False,False,False
2025-06-18,27.93,29.97,26.54,16.64,92.16,4.47,9.38,False,False,False,False,False,False,False,False,False,False,False,False,False,False
2025-06-19,28.07,30.45,26.64,13.08,90.11,4.71,13.73,False,False,False,False,False,False,False,False,False,False,False,False,False,False
2025-06-20,28.89,32.04,26.53,12.97,89.42,3.31,13.61,False,False,False,False,False,False,False,False,False,False,False,False,False,False
2025-06-21,28.71,31.6,26.7,7.02,90.21,2.63,15.67,False,False,False,False,False,False,False,False,False,False,False,False,False,False
2025-06-22,28.33,30.84,26.42,4.42,89.87,2.74,19.58,False,False,False,False,False,False,False,False,False,False,False,False,False,False
2025-06-23,28.26,31.33,26.27,12.35,90.36,2.88,19.15,False,False,False,False,False,False,False,False,False,False,False,False,False,False
2025-06-24,28.64,31.59,25.98,2.91,89.35,2.2,20.5,False,False,False,False,False,False,False,False,False,False,False,False,False,False
2025-06-25,28.04,30.09,26.77,12.17,92.16,2.45,17.26,False,False,False,False,False,False,False,False,False,False,False,False,False,False
2025-06-26,28.17,31.11,25.97,8.33,90.78,3.69,17.92,False,False,False,False,False,False,False,False,False,False,False,False,False,False
2025-06-27,28.57,32.15,25.98,5.08,88.58,3.05,16.18,False,False,False,False,False,False,False,False,False,False,False,False,False,False
2025-06-28,28.0,31.35,25.16,2.22,89.53,3.09,18.73,False,False,False,False,False,False,False,False,False,False,False,False,False,False
2025-06-29,28.08,31.79,25.56,2.6,89.94,3.39,18.53,False,False,False,False,False,False,False,False,False,False,False,False,False,False
2025-06-30,28.24,31.07,25.96,5.49,91.62,3.81,18.7,False,False,False,False,False,False,False,False,False,False,False,False,False,False
2025-07-01,28.55,31.66,26.03,4.63,88.97,2.97,17.94,False,False,False,False,False,False,False,False,False,False,False,False,False,False
2025-07-02,28.59,32.24,26.19,5.85,89.8,3.11,16.29,False,False,False,False,False,False,False,False,False,False,False,False,False,False
2025-07-03,28.76,32.13,26.23,3.77,88.97,3.79,17.52,False,False,False,False,False,False,False,False,False,False,False,False,False,False
2025-07-04,28.03,30.04,26.46,17.84,92.7,3.07,17.43,False,False,False,False,False,False,False,False,False,False,False,False,False,False
2025-07-05,27.92,30.02,26.28,9.84,91.3,2.67,18.08,False,False,False,False,False,False,False,False,False,False,False,False,False,False
2025-07-06,27.59,29.72,25.76,8.53,91.54,3.28,12.12,False,False,False,False,False,False,False,False,False,False,False,False,False,False
2025-07-07,27.72,31.02,25.45,13.95,89.71,3.68,9.09,False,False,False,False,False,False,False,False,False,False,False,False,False,False
2025-07-08,27.2,29.43,25.51,43.02,91.55,4.09,5.3,False,False,False,False,False,False,False,False,False,False,False,False,False,False
2025-07-09,27.19,29.11,25.78,49.55,92.98,4.13,4.05,False,False,False,False,False,False,False,False,False,False,False,False,False,False
2025-07-10,27.16,29.58,25.54,34.31,91.93,3.73,8.62,False,False,False,False,False,False,False,False,False,False,False,False,False,False
2025-07-11,28.26,31.81,25.07,18.09,89.51,2.62,18.44,False,False,False,False,False,False,False,False,False,False,False,False,False,False
2025-07-12,28.64,30.93,25.81,7.88,87.84,1.27,21.5,False,False,False,False,False,False,False,False,False,False,False,False,False,False
2025-07-13,29.06,31.43,26.96,8.82,86.14,0.98,13.72,False,False,False,False,False,False,False,False,False,False,False,False,False,False
2025-07-14,27.38,29.02,26.28,24.31,93.14,4.45,9.14,False,False,False,False,False,False,False,False,False,False,False,False,False,False
2025-07-15,28.05,30.42,26.24,14.26,91.46,3.28,12.27,False,False,False,False,False,False,False,False,False,False,False,False,False,False
2025-07-16,28.27,31.38,25.96,32.75,90.29,2.27,15.65,False,False,False,False,False,False,False,False,False,False,False,False,False,False
2025-07-17,28.21,30.81,26.08,22.66,89.34,1.52,6.17,False,False,False,False,False,False,False,False,False,False,False,False,False,False
2025-07-18,28.89,32.27,25.72,6.09,87.54,1.75,19.2,False,False,False,False,False,False,False,False,False,False,False,False,False,False
2025-07-19,28.58,31.45,26.57,1.43,89.31,2.66,18.91,False,False,False,False,False,False,False,False,False,False,False,False,False,False
2025-07-20,28.96,31.3,26.68,15.01,87.19,1.17,11.65,False,False,False,False,False,False,False,False,False,False,False,False,False,False
2025-07-21,29.5,32.93,26.39,7.45,85.17,1.25,16.66,False,False,False,False,False,False,False,False,False,False,False,False,False,False
2025-07-22,29.03,31.79,27.12,7.46,89.51,1.57,15.75,False,False,False,False,False,False,False,False,False,False,False,False,False,False
2025-07-23,30.27,33.45,26.42,19.01,83.82,0.91,20.12,False,False,False,False,False,False,False,False,False,False,False,False,False,False
2025-07-24,29.27,32.23,27.2,25.82,90.52,1.54,14.67,False,False,False,False,False,False,False,False,False,False,False,False,False,False
2025-07-25,28.64,32.31,26.57,11.42,90.9,3.97,15.55,False,False,False,False,False,False,False,False,False,False,False,False,False,False
2025-07-26,28.84,31.39,26.48,18.37,90.61,3.61,16.53,False,False,False,False,False,False,False,False,False,False,False,False,False,False
2025-07-27,28.85,31.5,26.89,18.78,90.33,2.89,15.9,False,False,False,False,False,False,False,False,False,False,False,False,False,False
2025-07-28,28.69,31.97,26.6,25.36,90.51,2.65,10.39,False,False,False,False,False,False,False,False,False,False,False,False,False,False
2025-07-29,28.31,31.49,26.11,17.53,90.34,3.45,13.3,False,False,False,False,False,False,False,False,False,False,False,False,False,False
2025-07-30,28.12,31.21,25.69,14.29,90.41,3.35,17.15,False,False,False,False,False,False,False,False,False,False,False,False,False,False
2025-07-31,27.64,30.58,25.27,23.99,92.34,3.48,9.79,False,False,False,False,False,False,False,False,False,False,False,False,False,False
2025-08-01,28.68,31.89,26.1,17.19,90.37,3.21,9.42,False,False,False,False,False,False,False,False,False,False,False,False,False,False
2025-08-02,28.25,29.95,26.74,10.74,93.37,3.01,16.44,False,False,False,False,False,False,False,False,False,False,False,False,False,False
2025-08-03,28.24,30.35,26.55,23.85,92.36,2.94,11.11,False,False,False,False,False,False,False,False,False,False,False,False,False,False
2025-08-04,28.07,29.86,26.63,51.55,93.69,2.48,9.71,False,False,False,False,False,False,False,False,False,False,False,False,False,False
2025-08-05,28.15,30.78,26.02,21.05,89.46,1.78,12.74,False,False,False,False,False,False,False,False,False,False,False,False,False,False
2025-08-06,28.02,30.7,25.74,19.62,89.64,1.98,13.76,False,False,False,False,False,False,False,False,False,False,False,False,False,False
2025-08-07,27.95,30.52,25.93,20.82,91.31,2.48,9.84,False,False,False,False,False,False,False,False,False,False,False,False,False,False
2025-08-08,26.59,27.93,25.21,20.42,93.13,2.93,7.19,False,False,False,False,False,False,False,False,False,False,False,False,False,False
2025-08-09,27.65,31.0,24.41,18.05,89.9,2.92,16.93,False,False,False,False,False,False,False,False,False,False,False,False,False,False
2025-08-10,28.39,31.59,25.49,12.13,89.36,2.9,19.17,False,False,False,False,False,False,False,False,False,False,False,False,False,False
2025-08-11,28.73,32.05,26.14,0.87,88.71,2.21,21.11,False,False,False,False,False,False,False,False,False,False,False,False,False,False
2025-08-12,28.93,32.03,26.78,0.66,87.56,2.08,16.66,False,False,False,False,False,False,False,False,False,False,False,False,False,False
2025-08-13,27.34,29.03,25.71,25.97,91.17,1.84,7.52,False,False,False,False,False,False,False,False,False,False,False,False,False,False
2025-08-14,27.65,30.42,25.03,12.16,90.45,1.83,15.97,False,False,False,False,False,False,False,False,False,False,False,False,False,False
2025-08-15,28.13,31.46,25.29,9.54,88.15,1.51,21.11,False,False,False,False,False,False,False,False,False,False,False,False,False,False
2025-08-16,28.7,31.96,25.49,15.78,85.6,1.07,19.47,False,False,False,False,False,False,False,False,False,False,False,False,False,False
2025-08-17,28.27,30.64,26.25,11.35,89.85,1.28,14.48,False,False,False,False,False,False,False,False,False,False,False,False,False,False
2025-08-18,28.35,31.71,25.74,12.66,90.1,2.06,22.22,False,False,False,False,False,False,False,False,False,False,False,False,False,False
2025-08-19,27.89,30.94,25.8,11.85,91.24,3.1,16.75,False,False,False,False,False,False,False,False,False,False,False,False,False,False
2025-08-20,27.94,30.82,25.84,11.03,91.34,3.01,13.0,False,False,False,False,False,False,False,False,False,False,False,False,False,False
2025-08-21,27.89,30.68,25.93,7.18,91.64,3.0,15.04,False,False,False,False,False,False,False,False,False,False,False,False,False,False
2025-08-22,27.26,29.66,25.41,14.09,93.11,3.68,15.44,False,False,False,False,False,False,False,False,False,False,False,False,False,False
2025-08-23,27.63,30.97,25.62,9.8,91.51,4.35,11.66,False,False,False,False,False,False,False,False,False,False,False,False,False,False
2025-08-24,27.79,31.15,25.69,7.73,90.17,2.95,17.35,False,False,False,False,False,False,False,False,False,False,False,False,False,False
2025-08-25,27.96,31.5,25.42,6.19,89.13,1.63,20.28,False,False,False,False,False,False,False,False,False,False,False,False,False,False
2025-08-26,28.01,31.1,25.87,7.39,88.04,0.97,20.94,False,False,False,False,False,False,False,False,False,False,False,False,False,False
2025-08-27,27.77,31.37,25.35,5.49,90.3,2.39,20.36,False,False,False,False,False,False,False,False,False,False,False,False,False,False
2025-08-28,27.93,30.97,25.76,7.69,90.31,2.71,15.81,False,False,False,False,False,False,False,False,False,False,False,False,False,False
2025-08-29,27.81,30.59,25.94,11.06,90.2,1.84,17.24,False,False,False,False,False,False,False,False,False,False,False,False,False,False
2025-08-30,28.32,31.4,25.66,6.81,87.01,1.11,15.75,False,False,False,False,False,False,False,False,False,False,False,False,False,False
2025-08-31,28.5,30.8,25.79,13.93,86.31,0.58,18.15,False,False,False,False,False,False,False,False,False,False,False,False,False,False
2025-09-01,29.07,31.9,25.97,11.65,86.74,1.11,22.04,False,False,False,False,False,False,False,False,False,False,False,False,False,False
2025-09-02,28.82,31.38,26.85,17.37,88.1,2.6,19.69,False,False,False,False,False,False,False,False,False,False,False,False,False,False
2025-09-03,28.52,31.81,26.1,2.98,87.27,2.12,20.68,False,False,False,False,False,False,False,False,False,False,False,False,False,False
2025-09-04,27.77,30.27,25.72,6.69,91.23,1.9,18.49,False,False,False,False,False,False,False,False,False,False,False,False,False,False
2025-09-05,28.08,31.43,25.22,1.46,87.95,1.58,20.47,False,False,False,False,False,False,False,False,False,False,False,False,False,False
2025-09-06,28.53,31.21,25.6,8.68,86.78,1.06,19.56,False,False,False,False,False,False,False,False,False,False,False,False,False,False
2025-09-07,28.18,30.01,26.12,17.79,89.65,1.16,15.38,False,False,False,False,False,False,False,False,False,False,False,False,False,False
2025-09-08,28.4,31.37,25.81,8.18,86.19,0.85,16.74,False,False,False,False,False,False,False,False,False,False,False,False,False,False
2025-09-09,28.49,31.07,25.96,11.38,87.63,1.02,14.32,False,False,False,False,False,False,False,False,False,False,False,False,False,False
2025-09-10,27.97,30.31,26.07,3.99,91.26,1.71,17.35,False,False,False,False,False,False,False,False,False,False,False,False,False,False
2025-09-11,28.45,31.63,25.9,3.19,88.99,1.58,10.98,False,False,False,False,False,False,False,False,False,False,False,False,False,False
2025-09-12,27.83,30.1,26.09,17.99,90.8,1.22,10.58,False,False,False,False,False,False,False,False,False,False,False,False,False,False
2025-09-13,27.69,30.08,25.87,15.31,91.0,1.49,14.55,False,False,False,False,False,False,False,False,False,False,False,False,False,False
2025-09-14,26.95,28.26,25.45,24.16,93.37,1.71,4.47,False,False,False,False,False,False,False,False,False,False,False,False,False,False
2025-09-15,27.09,29.81,25.03,30.84,90.44,2.07,12.79,False,False,False,False,False,False,False,False,False,False,False,False,False,False
2025-09-16,27.0,29.99,25.05,23.6,90.49,2.59,10.44,False,False,False,False,False,False,False,False,False,False,False,False,False,False
2025-09-17,27.5,31.11,24.36,1.67,88.74,1.87,14.97,False,False,False,False,False,False,False,False,False,False,False,False,False,False
2025-09-18,27.98,31.23,25.37,9.32,88.97,1.65,14.99,False,False,False,False,False,False,False,False,False,False,False,False,False,False
2025-09-19,29.03,32.72,25.72,7.0,87.66,1.01,16.55,False,False,False,False,False,False,False,False,False,False,False,False,False,False
2025-09-20,27.6,28.88,26.39,2.09,92.89,0.8,12.35,False,False,False,False,False,False,False,False,False,False,False,False,False,False
2025-09-21,27.77,29.3,26.18,7.87,90.81,0.78,13.74,False,False,False,False,False,False,False,False,False,False,False,False,False,False
2025-09-22,27.47,30.47,25.61,47.92,91.61,1.33,8.73,False,False,False,False,False,False,False,False,False,False,False,False,False,False
2025-09-23,27.81,30.98,25.12,3.39,90.12,1.6,18.3,False,False,False,False,False,False,False,False,False,False,False,False,False,False
2025-09-24,27.3,29.04,25.73,4.73,90.4,0.89,18.42,False,False,False,False,False,False,False,False,False,False,False,False,False,False
2025-09-25,27.9,30.33,25.68,10.91,88.39,0.8,17.13,False,False,False,False,False,False,False,False,False,False,False,False,False,False
2025-09-26,28.41,31.48,26.05,5.75,89.32,1.83,17.81,False,False,False,False,False,False,False,False,False,False,False,False,False,False
2025-09-27,28.11,31.07,26.02,4.76,88.92,1.36,16.83,False,False,False,False,False,False,False,False,False,False,False,False,False,False
2025-09-28,28.06,31.0,25.36,7.71,86.52,0.74,13.32,False,False,False,False,False,False,False,False,False,False,False,False,False,False
2025-09-29,28.34,31.49,25.3,2.74,86.47,1.15,17.57,False,False,False,False,False,False,False,False,False,False,False,False,False,False
2025-09-30,28.85,32.53,25.5,13.98,85.75,1.12,18.87,False,False,False,False,False,False,False,False,False,False,False,False,False,False
2025-10-01,27.56,29.19,26.19,40.63,93.3,1.74,10.24,False,False,False,False,False,False,False,False,False,False,False,False,False,False
2025-10-02,27.2,28.88,25.91,19.72,94.67,2.26,6.13,False,False,False,False,False,False,False,False,False,False,False,False,False,False
2025-10-03,27.06,29.18,25.49,12.0,94.09,2.18,14.28,False,False,False,False,False,False,False,False,False,False,False,False,False,False
2025-10-04,27.48,30.41,25.02,8.93,92.32,2.13,14.41,False,False,False,False,False,False,False,False,False,False,False,False,False,False
2025-10-05,27.25,29.83,25.12,7.24,92.85,2.8,13.88,False,False,False,False,False,False,False,False,False,False,False,False,False,False
2025-10-06,26.74,28.49,25.09,27.31,90.0,1.08,13.27,False,False,False,False,False,False,False,False,False,False,False,False,False,False
2025-10-07,27.44,30.99,24.12,6.88,84.02,0.66,11.02,False,False,False,False,False,False,False,False,False,False,False,False,False,False
2025-10-08,27.51,30.81,24.5,36.46,85.56,0.76,16.47,False,False,False,False,False,False,False,False,False,False,False,False,False,False
2025-10-09,27.08,29.6,24.75,20.21,85.83,0.81,12.19,False,False,False,False,False,False,False,False,False,False,False,False,False,False
2025-10-10,27.13,30.55,24.32,7.28,83.56,0.79,14.46,False,False,False,False,False,False,False,False,False,False,False,False,False,False
2025-10-11,27.19,30.19,24.68,16.46,82.85,0.37,7.69,False,False,False,False,False,False,False,False,False,False,False,False,False,False
2025-10-12,26.27,29.91,22.93,0.78,84.91,1.14,17.34,False,False,False,False,False,False,False,False,False,False,False,False,False,False
2025-10-13,25.73,29.61,22.32,0.26,85.68,1.39,18.39,False,False,False,False,False,False,False,False,False,False,False,False,False,False
2025-10-14,25.73,30.66,21.62,0.01,85.97,1.71,19.58,False,False,False,False,False,False,False,False,False,False,False,False,False,False
2025-10-15,25.48,30.47,21.08,0.0,83.41,1.39,18.71,False,False,False,False,False,False,False,False,False,False,False,False,False,False
2025-10-16,26.22,31.35,21.43,0.14,84.64,1.1,17.71,False,False,False,False,False,False,False,False,False,False,False,False,False,False
2025-10-17,26.73,31.29,22.34,0.28,85.06,1.16,17.72,False,False,False,False,False,False,False,False,False,False,False,False,False,False
2025-10-18,26.89,31.69,22.79,0.17,84.32,1.16,19.0,False,False,False,False,False,False,False,False,False,False,False,False,False,False
2025-10-19,26.35,31.33,22.12,0.03,83.3,1.49,19.13,False,False,False,False,False,False,False,False,False,False,False,False,False,False
2025-10-20,26.04,31.12,21.88,0.01,83.65,1.6,19.64,False,False,False,False,False,False,False,False,False,False,False,False,False,False
2025-10-21,26.03,31.65,21.01,0.0,80.08,1.36,19.64,False,False,False,False,False,False,False,False,False,False,False,False,False,False
2025-10-22,26.76,32.18,21.95,0.0,78.59,0.97,18.57,False,False,False,False,False,False,False,False,False,False,False,False,False,False
2025-10-23,26.73,31.86,22.12,0.02,81.12,0.92,18.13,False,False,False,False,False,False,False,False,False,False,False,False,False,False
2025-10-24,26.1,30.45,22.45,0.02,80.45,1.07,18.26,False,False,False,False,False,False,False,False,False,False,False,False,False,False
2025-10-25,26.23,30.54,22.03,0.0,78.32,0.84,17.54,False,False,False,False,False,False,False,False,False,False,False,False,False,False
2025-10-26,26.01,30.55,21.87,0.01,79.39,1.02,16.48,False,False,False,False,False,False,False,False,False,False,False,False,False,False
2025-10-27,26.21,30.79,21.81,0.0,79.22,1.22,17.28,False,False,False,False,False,False,False,False,False,False,False,False,False,False
2025-10-28,27.38,31.74,23.49,0.01,71.87,0.79,16.37,False,False,False,False,False,False,False,False,False,False,False,False,False,False
2025-10-29,27.34,31.63,22.8,3.32,76.23,0.65,14.11,False,False,False,False,False,False,False,False,False,False,False,False,False,False
2025-10-30,27.96,31.72,24.04,22.89,76.66,0.63,13.73,False,False,False,False,False,False,False,False,False,False,False,False,False,False
2025-10-31,28.26,31.03,25.68,5.82,79.4,0.72,15.09,False,False,False,False,False,False,False,False,False,False,False,False,False,False
2025-11-01,27.1,30.07,25.17,16.72,89.37,1.45,11.31,False,False,False,False,False,False,False,False,False,False,False,False,False,False
2025-11-02,26.22,29.29,23.81,40.83,90.54,1.62,10.77,False,False,False,False,False,False,False,False,False,False,False,False,False,False
2025-11-03,24.64,28.43,21.8,1.21,88.32,2.24,14.3,False,False,False,False,False,False,False,False,False,False,False,False,False,False
2025-11-04,24.74,30.14,20.06,0.5,86.11,2.07,15.24,False,False,False,False,False,False,False,False,False,False,False,False,False,False
2025-11-05,24.88,28.16,22.1,2.76,89.05,1.74,10.7,False,False,False,False,False,False,False,False,False,False,False,False,False,False
2025-11-06,25.62,29.36,22.33,3.54,86.33,1.11,13.49,False,False,False,False,False,False,False,False,False,False,False,False,False,False
2025-11-07,24.39,28.85,20.72,0.01,86.78,1.96,15.76,False,False,False,False,False,False,False,False,False,False,False,False,False,False
2025-11-08,23.17,28.87,19.37,0.0,87.05,2.39,17.41,False,False,False,False,False,False,False,False,False,False,False,False,False,False
2025-11-09,22.1,27.33,17.8,0.0,87.03,1.89,17.05,False,False,False,False,False,False,False,False,False,False,False,False,False,False
2025-11-10,22.21,27.62,17.97,0.0,87.26,1.62,16.32,False,False,False,False,False,False,False,False,False,False,False,False,False,False
2025-11-11,20.77,25.9,17.21,0.0,85.23,1.95,15.79,False,False,False,False,False,False,False,False,False,False,False,False,False,False
2025-11-12,19.93,25.98,14.92,0.0,80.96,1.57,15.91,False,False,False,False,False,False,False,False,False,False,False,False,False,False
2025-11-13,20.25,26.36,14.53,0.0,79.08,1.25,16.54,False,False,False,False,False,False,False,False,False,False,False,False,False,False
2025-11-14,20.99,26.2,14.88,0.0,75.51,1.04,16.67,False,False,False,False,False,False,False,False,False,False,False,False,False,False
2025-11-15,20.66,26.54,14.86,0.0,76.47,1.26,17.34,False,False,False,False,False,False,False,False,False,False,False,False,False,False
2025-11-16,20.75,26.41,15.81,0.0,74.23,1.09,17.48,False,False,False,False,False,False,False,False,False,False,False,False,False,False
2025-11-17,21.55,27.33,15.24,0.0,75.93,0.96,17.81,False,False,False,False,False,False,False,False,False,False,False,False,False,False
2025-11-18,21.55,27.33,16.15,0.0,81.45,1.4,17.75,False,False,False,False,False,False,False,False,False,False,False,False,False,False
2025-11-19,21.06,26.89,16.08,0.0,74.88,1.38,17.39,False,False,False,False,False,False,False,False,False,False,False,False,False,False
2025-11-20,20.65,26.32,15.23,0.0,75.32,1.26,16.48,False,False,False,False,False,False,False,False,False,False,False,False,False,False
2025-11-21,20.58,25.51,16.53,0.0,71.51,1.05,15.1,False,False,False,False,False,False,False,False,False,False,False,False,False,False
2025-11-22,20.08,25.3,14.75,0.0,77.61,1.17,13.75,False,False,False,False,False,False,False,False,False,False,False,False,False,False
2025-11-23,19.67,25.13,15.33,0.0,79.76,1.3,13.84,False,False,False,False,False,False,False,False,False,False,False,False,False,False
2025-11-24,18.54,24.59,13.59,0.0,84.39,1.8,15.32,False,False,False,False,False,False,False,False,False,False,False,False,False,False
2025-11-25,19.07,25.57,13.13,0.0,82.27,1.39,15.72,False,False,False,False,False,False,False,False,False,False,False,False,False,False
2025-11-26,19.83,25.47,14.11,0.0,77.22,1.09,15.57,False,False,False,False,False,False,False,False,False,False,False,False,False,False
2025-11-27,20.56,25.92,14.54,0.0,76.49,1.17,17.23,False,False,False,False,False,False,False,False,False,False,False,False,False,False
2025-11-28,20.26,26.1,15.31,0.0,77.24,0.98,16.65,False,False,False,False,False,False,False,False,False,False,False,False,False,False
2025-11-29,20.17,26.01,14.9,0.0,67.48,0.71,16.1,False,False,False,False,False,False,False,False,False,False,False,False,False,False
2025-11-30,19.71,25.77,14.57,0.0,78.55,1.12,14.96,False,False,False,False,False,False,False,False,False,False,False,False,False,False
2025-12-01,19.01,23.47,14.78,0.0,87.5,1.23,13.04,False,False,False,False,False,False,False,False,False,False,False,False,False,False
2025-12-02,18.78,23.93,14.22,0.0,81.55,1.49,10.37,False,False,False,False,False,False,False,False,False,False,False,False,False,False
2025-12-03,17.97,23.97,13.16,0.0,81.31,1.51,11.93,False,False,False,False,False,False,False,False,False,False,False,False,False,False
2025-12-04,18.38,24.98,12.52,0.0,83.85,1.43,14.25,False,False,False,False,False,False,False,False,False,False,False,False,False,False
2025-12-05,18.27,25.29,12.82,0.0,83.42,1.41,15.79,False,False,False,False,False,False,False,False,False,False,False,False,False,False
2025-12-06,17.77,25.02,12.03,0.0,79.87,1.49,15.17,False,False,False,False,False,False,False,False,False,False,False,False,False,False
2025-12-07,17.81,23.9,12.06,0.0,81.15,1.36,14.61,False,False,False,False,False,False,False,False,False,False,False,False,False,False
2025-12-08,18.06,23.79,13.09,0.0,81.31,1.06,13.48,False,False,False,False,False,False,False,False,False,False,False,False,False,False
2025-12-09,19.12,24.52,14.62,0.0,74.18,0.98,13.52,False,False,False,False,False,False,False,False,False,False,False,False,False,False
2025-12-10,19.05,25.77,13.83,0.0,74.55,1.16,15.27,False,False,False,False,False,False,False,False,False,False,False,False,False,False
2025-12-11,18.28,24.79,12.02,0.0,75.86,1.03,15.75,False,False,False,False,False,False,False,False,False,False,False,False,False,False
2025-12-12,18.98,25.19,13.39,0.0,70.02,0.92,15.64,False,False,False,False,False,False,False,False,False,False,False,False,False,False
2025-12-13,19.26,26.51,12.65,0.0,72.93,1.2,16.13,False,False,False,False,False,False,False,False,False,False,False,False,False,False
2025-12-14,19.44,26.02,13.47,0.0,74.68,1.13,15.79,False,False,False,False,False,False,False,False,False,False,False,False,False,False
2025-12-15,19.1,25.57,14.23,0.0,75.89,1.0,15.2,False,False,False,False,False,False,False,False,False,False,False,False,False,False
2025-12-16,18.85,25.4,13.38,0.0,76.88,1.23,13.55,False,False,False,False,False,False,False,False,False,False,False,False,False,False
2025-12-17,18.57,25.23,12.92,0.0,76.18,1.27,13.85,False,False,False,False,False,False,False,False,False,False,False,False,False,False
2025-12-18,19.71,26.44,13.86,0.0,75.02,1.01,15.84,False,False,False,False,False,False,False,False,False,False,False,False,False,False
2025-12-19,19.52,25.02,14.92,0.0,76.55,0.82,14.17,False,False,False,False,False,False,False,False,False,False,False,False,False,False
2025-12-20,18.48,24.68,13.88,0.0,79.96,1.29,11.29,False,False,False,False,False,False,False,False,False,False,False,False,False,False
2025-12-21,18.11,24.67,12.85,0.0,79.98,1.08,9.08,False,False,False,False,False,False,False,False,False,False,False,False,False,False
2025-12-22,18.03,24.74,13.08,0.0,79.04,1.07,13.6,False,False,False,False,False,False,False,False,False,False,False,False,False,False
2025-12-23,17.63,23.95,13.04,0.0,82.27,1.55,13.53,False,False,False,False,False,False,False,False,False,False,False,False,False,False
2025-12-24,16.8,23.5,11.84,0.0,82.51,1.52,11.36,False,False,False,False,False,False,False,False,False,False,False,False,False,False
2025-12-25,16.0,22.62,10.44,0.0,78.92,1.06,6.04,False,False,False,False,False,False,False,False,False,False,False,False,False,False
2025-12-26,16.13,22.98,10.16,0.0,75.93,0.98,8.15,False,False,False,False,False,False,False,False,False,False,False,False,False,False
2025-12-27,16.34,22.9,10.67,0.0,77.51,0.9,10.61,False,False,False,False,False,False,False,False,False,False,False,False,False,False
2025-12-28,15.79,22.55,10.68,0.0,82.24,1.28,5.41,False,False,False,False,False,False,False,False,False,False,False,False,False,False
2025-12-29,15.01,21.48,10.02,0.0,84.22,1.52,2.93,False,False,False,False,False,False,False,False,False,False,False,False,False,False
2025-12-30,13.9,19.97,10.11,0.21,86.43,1.51,4.96,False,False,False,False,False,False,False,False,False,False,False,False,False,False
2025-12-31,14.1,20.81,8.7,0.24,82.71,1.29,9.31,False,False,False,False,False,False,False,False,False,False,False,False,False,False
