date,temperature,temp_max,temp_min,rainfall,humidity,wind_speed,solar_radiation
2026-08-31,28.23,31.14,26.24,4.78,90.12,3.07,12.73
2026-09-01,27.72,30.23,25.69,8.83,90.63,3.0,10.62
2026-09-02,27.54,30.86,25.69,19.3,90.79,2.38,12.19
2026-09-03,26.54,27.9,25.24,15.14,93.61,2.33,13.91
2026-09-04,27.59,31.17,25.05,9.49,90.11,2.11,18.98
2026-09-05,27.95,31.38,25.54,6.26,89.76,1.99,14.22
2026-09-06,27.4,30.44,25.81,19.48,91.91,1.35,10.11
2026-09-07,28.63,32.43,25.21,4.76,88.4,1.31,17.54
2026-09-08,29.19,32.64,26.85,6.92,88.84,1.15,15.3
2026-09-09,28.39,30.69,27.03,5.59,91.85,1.31,17.65
2026-09-10,29.23,33.28,26.23,5.89,87.48,1.27,18.65
2026-09-11,27.78,31.35,25.79,4.91,90.08,1.46,20.33
2026-09-12,28.29,32.05,25.06,3.68,87.39,1.2,17.48
2026-09-13,29.04,32.9,25.26,3.09,82.82,0.67,20.77
2026-09-14,29.6,33.65,25.99,1.41,80.0,0.73,15.84
2026-09-15,29.71,34.04,25.65,1.17,79.64,0.99,19.92
2026-09-16,29.31,33.4,26.04,2.4,80.87,1.26,14.42
2026-09-17,28.41,32.28,25.42,2.09,84.45,1.4,10.77
2026-09-18,29.0,33.34,24.87,0.63,80.7,0.89,20.46
2026-09-19,30.3,34.83,25.57,2.44,76.86,0.9,21.02
2026-09-20,28.51,31.32,25.63,5.33,86.42,1.25,10.23
2026-09-21,29.82,34.51,24.58,2.75,78.18,0.96,21.32
2026-09-22,29.62,33.77,26.22,5.14,84.45,1.22,11.82
2026-09-23,29.24,33.02,26.09,6.17,85.15,1.39,13.65
2026-09-24,28.16,32.22,25.43,7.98,87.47,1.8,6.04
2026-09-25,27.59,30.49,25.47,2.45,88.91,1.71,14.75
2026-09-26,28.48,32.74,24.86,1.37,85.19,1.46,19.09
2026-09-27,28.91,33.15,24.53,0.64,80.55,0.83,19.44
2026-09-28,29.12,33.16,25.41,0.33,79.81,0.94,
2026-09-29,28.79,33.39,25.11,0.25,81.53,1.55,
