"source_id","provider","product_name","product_version","evidence_class","access_url","access_method","spatial_resolution","temporal_resolution","coverage_start","coverage_end","update_frequency","native_units","license","attribution","retrieved_at","validation_status","allowed_uses","known_limitations","verification_notes","last_reviewed"
"nasa_power_daily_point_api","NASA POWER","NASA POWER Daily Point API","","remote_observed","https://power.larc.nasa.gov/api/temporal/daily/point","Daily point API; project implementation requests caller-supplied coordinates and dates","point","daily","","","","","NASA ESDIS states that data from NASA-led missions are provided under CC0 unless otherwise marked with a restriction or license; verify product-specific terms","NASA acknowledgement and dataset citation encouraged; do not imply endorsement","","institution_verified","Environmental context only; not direct farm measurement or crop outcome","Daily processed environmental product; API availability and product metadata must be checked for each request","API and variable set are documented in repository; official POWER API documentation exists; this audit did not issue a data request","2026-10-03"
"local_nasa_power_2025","NASA POWER","NASA POWER 2025 bundled CSV snapshot","","remote_observed","https://power.larc.nasa.gov/api/temporal/daily/point","Existing local CSV; original request and retrieval route not recorded","point; coordinates absent from file","daily","2025-01-01","2025-12-31","","","NASA ESDIS states that data from NASA-led missions are provided under CC0 unless otherwise marked with a restriction or license; verify product-specific terms","NASA acknowledgement and dataset citation encouraged; do not imply endorsement","","schema_validated","Historical environmental context only; no crop outcome or field management claims","CSV has no coordinates or request/retrieval manifest; README attributes it to NASA POWER but file lineage is not independently verified","365 daily rows and date range checked locally on 2026-10-03; source attribution is project-documented","2026-10-03"
"local_nasa_power_2026_aug_sep","NASA POWER","NASA POWER 2026-08-31 to 2026-09-29 bundled CSV snapshot","","remote_observed","https://power.larc.nasa.gov/api/temporal/daily/point","Existing local CSV; original request and retrieval route not recorded","point; Dhaka coordinates encoded in filename","daily","2026-08-31","2026-09-29","","","NASA ESDIS states that data from NASA-led missions are provided under CC0 unless otherwise marked with a restriction or license; verify product-specific terms","NASA acknowledgement and dataset citation encouraged; do not imply endorsement","","schema_validated","Historical environmental context only; no crop outcome or field management claims","Two solar-radiation values are blank; filename coordinates do not prove field-boundary correspondence; file lineage is not independently verified","30 daily rows and date range checked locally on 2026-10-03; source attribution is project-documented","2026-10-03"
"nasa_smap_soil_moisture","NASA SMAP","SMAP soil-moisture product family; product selection pending","","remote_observed","https://smap.jpl.nasa.gov/data/","NASA-designated DAAC distribution routes listed by mission; choose and verify a specific product before use","","","","","","","NASA ESDIS states that data from NASA-led missions are provided under CC0 unless otherwise marked with a restriction or license; verify product-specific terms","NASA acknowledgement and dataset citation encouraged; cite selected product and version","","institution_verified","Remote/satellite-derived environmental context only; not direct field measurement or management outcome","Product levels have different processing and spatial support; mission page describes several product resolutions; no SMAP retrieval is bundled here","Official NASA SMAP page lists public product distribution via ASF and NSIDC; specific product access and terms not verified","2026-10-03"
"local_smap_demo_csv","FieldShift bundled example","SMAP-like demo soil-moisture CSV","","synthetic","","Bundled local CSV; not NASA SMAP data","point","daily","2026-09-25","2026-09-27","","","","FieldShift demo label; no external data attribution applies","","schema_validated","Tests and software demonstration only; never farm evidence","Three synthetic values at one point; no satellite product/version/calibration or measurement evidence","File contents and synthetic labels checked locally on 2026-10-03","2026-10-03"
"srdi_soil_information_portal","SRDI","Soil Resources Development Institute institutional portal; specific soil-data product pending","","","https://srdi.gov.bd/","Institutional website; exact soil portal/layer route and dataset not verified","","","","","","","","","","institution_verified","Do not use as a specific dataset until the product; access; vintage; scale; terms; and fitness are confirmed","Institutional website existence does not establish availability of any particular portal layer or dataset","Official SRDI institutional homepage reachable on 2026-10-03; product-specific portal availability unverified","2026-10-03"
"srdi_laboratory_route","SRDI","SRDI soil laboratory service route; service scope pending","","","","","","","","","","","","","","pending_verification","No use until service methods; records; consent; and reuse terms are agreed","Portal availability is distinct from lab service availability; analytical fields/methods; price list; turnaround; record reuse and permissions are unverified","Only the SRDI institutional homepage was checked; no lab service schedule or agreement was verified","2026-10-03"
"soilgrids_global_predictions","ISRIC - World Soil Information","SoilGrids global gridded soil predictions","","modelled_context","https://www.isric.org/explore/soilgrids","ISRIC SoilGrids portal; specific download/API route and current service availability to be checked","250 m","standard depth intervals; temporal vintage not specified","","","","","CC BY 4.0","Attribute ISRIC SoilGrids under CC BY 4.0 and cite the selected product/version","","metadata_verified","Regional modelled context and covariates only; not field truth or a substitute for field sampling","Predictions are modelled at global scale and include uncertainty; API/access endpoint availability and property-specific units/vintages were not verified in this audit","Official SoilGrids page states 250 m resolution; 14 properties; six depth intervals; quantified uncertainty and CC BY 4.0","2026-10-03"
"sentinel_2_data","Copernicus Sentinel","Copernicus Sentinel-2 data product; specific collection/version pending","","remote_observed","https://dataspace.copernicus.eu/","Copernicus Data Space Ecosystem; account and product-specific access requirements must be checked","","","","","","","Sentinel Data Legal Notice applies to Sentinel data; review the applicable notice for the selected product","Use required data attribution/citation and record product identifiers","","institution_verified","Remote/satellite-derived environmental context only; any derived features remain remotely sensed or inferred","Product version; spatial/temporal support; quality masks; atmospheric processing and collection terms must be established per product; not direct farm measurement","CDSE terms fetched on 2026-10-03 state Sentinel data are governed by the Sentinel Data Legal Notice; legal notice itself and selected product terms not reviewed","2026-10-03"
"copernicus_dataspace_portal_materials","Copernicus Data Space Ecosystem","Website and portal materials (not Sentinel data)","","","https://dataspace.copernicus.eu/terms-and-conditions","Portal website terms","","","","","","","Portal terms retrieved 2026-10-03 state non-commercial use for other portal materials and restrict redistribution/derivative works; inspect current terms before use","Credit portal-material copyright holder/provider as stated in terms","","metadata_verified","Access/discovery only; do not treat portal pages/images/docs as Sentinel data or reuse them under Sentinel data terms","Terms applying to portal materials differ from the Sentinel Data Legal Notice","Official CDSE terms page retrieved and reviewed on 2026-10-03; conditions may change","2026-10-03"
"barc_spatial_data_route","BARC","Bangladesh Agricultural Research Council spatial-layer route; requested layer list pending","","","https://barc.gov.bd/","Institutional website; no specific layer identified","","","","","","","","","","institution_verified","No spatial layer use until each layer is checked independently for availability; vintage; scale; terms; and fitness","Legacy datasets and dates must be explicitly flagged; institutional existence does not establish current layer availability or reuse rights","Official institutional homepage reachable on 2026-10-03; all product-specific details pending","2026-10-03"
"badc_irrigation_maps","BADC","Historical irrigation maps/reports; individual map and vintage pending","","","https://badc.gov.bd/","Institutional website; exact map/report and access route pending","","","","","","","","","","institution_verified","Historical context only after map vintage; coverage; terms; and fitness are verified; never treat as current field measurement","Record vintage individually; map/report availability and licensing are unverified; historical irrigation mapping is not current allocation or field application evidence","Official institutional homepage reachable on 2026-10-03; requested map products and vintages not verified","2026-10-03"
"badc_salinity_maps","BADC","Historical salinity maps/reports; individual map and vintage pending","","","https://badc.gov.bd/","Institutional website; exact map/report and access route pending","","","","","","","","","","institution_verified","Historical context only after map vintage; coverage; terms; and fitness are verified; never treat as current field measurement","Record vintage individually; map/report availability and licensing are unverified; historical salinity mapping is not current field soil measurement","Official institutional homepage reachable on 2026-10-03; requested map products and vintages not verified","2026-10-03"
"bmd_station_data_candidate","BMD","Bangladesh Meteorological Department station data; exact product pending","","remote_observed","https://bmd.gov.bd/","Institutional website identified; exact product and station access route pending","","","","","","","","","","institution_verified","Weather context only after product; units; station metadata; terms; and access conditions are verified","BMD station data candidate; exact dataset, access route, temporal coverage, fees and reuse rights pending verification","Official institutional site reachable on 2026-10-03; no product; station series; fee schedule; or reuse terms verified","2026-10-03"
"bari_agronomic_references","BARI","Bangladesh Agricultural Research Institute crop/agronomic reference materials; exact publication pending","","","https://bari.gov.bd/","Institutional website; select and verify individual publication","","","","","","","","","","institution_verified","Reference material only after publication date; scope; evidence; and reuse terms are reviewed","No specific document or parameter source was selected; institutional presence does not establish current availability or scientific fitness","Official institutional homepage reachable on 2026-10-03; no particular publication verified","2026-10-03"
"brri_agronomic_references","BRRI","Bangladesh Rice Research Institute crop/agronomic reference materials; exact publication pending","","","https://brri.gov.bd/","Institutional website; select and verify individual publication","","","","","","","","","","institution_verified","Reference material only after publication date; crop scope; evidence; and reuse terms are reviewed","No specific document or parameter source was selected; institutional presence does not establish current availability or scientific fitness","Official institutional homepage reachable on 2026-10-03; no particular publication verified","2026-10-03"
"dae_extension_material_candidate","DAE","Department of Agricultural Extension extension material; exact document pending","","","https://dae.gov.bd/","Institutional website identified; specific material and route pending","","","","","","","","","","institution_verified","Candidate extension context only after document date; geographic scope; evidence; and reuse terms are reviewed","Do not treat extension material as measured evidence or assume a specific current document is available","Official institutional homepage reachable on 2026-10-03; no specific document verified","2026-10-03"
"farm_field_partner_route","Prospective field-data partner","Partner-provided farm/field management and measured harvest records","","observed","","","","","","","","","","","","pending_verification","Only under explicit permission/agreement; field protocols; linkage and quality review; no data currently available","No partner; agreement; contact; collection protocol; or observed record was established","No external partner contacted or identified; source route and data availability unknown",""
"local_soil_demo_csv","FieldShift bundled example","Demo soil CSV","","synthetic","","Bundled local CSV; not observed laboratory results","point","snapshot","2026-09-18","2026-09-20","","","","","","schema_validated","Software demonstration only; not soil measurement evidence","Two synthetic rows; nitrogen and organic matter blank once each; no lab method or sampling depth","File contents and synthetic labels checked locally on 2026-10-03","2026-10-03"
"local_crop_knowledge_demo_csv","FieldShift bundled example","Demo crop-knowledge CSV","","synthetic","","Bundled local CSV; illustrative assumptions","not field-specific","static","","","","","","","","schema_validated","Software demonstration only; no scientific or economic measurement claim","Seven synthetic crop rows; no citations; local cultivar or uncertainty metadata","File contents and synthetic labels checked locally on 2026-10-03","2026-10-03"
"local_field_history_demo_csv","FieldShift bundled example","Demo field-history CSV","","synthetic","","Bundled local CSV; illustrative history","field labels","year/season","2024","2025","","","","","","schema_validated","Software demonstration only; not observed farm history or outcome evidence","Four synthetic rows; one blank yield; irrigation categorical; no operation dates or action linkage","File contents and synthetic labels checked locally on 2026-10-03","2026-10-03"
